INSERT INTO funcionario (matricula, nome, cargo, turno) VALUES
('MATR001', 'Ana Beatriz Silva', 'Atendente', 'Manhã'),
('MATR002', 'Carlos Eduardo Souza', 'Farmacêutico', 'Tarde'),
('MATR003', 'Juliana Alves', 'Gerente', 'Manhã'),
('MATR004', 'Rodrigo Ferreira', 'Auxiliar', 'Noite'),
('MATR005', 'Fernanda Lima', 'Atendente', 'Tarde'),
('MATR006', 'Marcelo Santos', 'Farmacêutico', 'Manhã'),
('MATR007', 'Patrícia Costa', 'Auxiliar', 'Noite'),
('MATR008', 'Lucas Oliveira', 'Atendente', 'Tarde'),
('MATR009', 'Camila Martins', 'Farmacêutico', 'Noite'),
('MATR010', 'Ricardo Ribeiro', 'Gerente', 'Manhã'),
('MATR011', 'Tatiane Rocha', 'Auxiliar', 'Manhã'),
('MATR012', 'João Pedro Souza', 'Atendente', 'Tarde'),
('MATR013', 'Larissa Moraes', 'Farmacêutico', 'Noite'),
('MATR014', 'Gabriel Almeida', 'Auxiliar', 'Manhã'),
('MATR015', 'Vanessa Monteiro', 'Gerente', 'Tarde'),
('MATR016', 'Felipe Gomes', 'Atendente', 'Noite'),
('MATR017', 'Isabela Teixeira', 'Farmacêutico', 'Tarde'),
('MATR018', 'Diego Azevedo', 'Auxiliar', 'Noite'),
('MATR019', 'Natália Dias', 'Atendente', 'Manhã'),
('MATR020', 'Eduardo Nascimento', 'Gerente', 'Tarde'),
('MATR021', 'Priscila Carvalho', 'Auxiliar', 'Manhã'),
('MATR022', 'Thiago Fernandes', 'Farmacêutico', 'Noite'),
('MATR023', 'Amanda Castro', 'Atendente', 'Tarde'),
('MATR024', 'Bruno Mendes', 'Gerente', 'Manhã'),
('MATR025', 'Renata Barros', 'Auxiliar', 'Noite'),
('MATR026', 'Daniel Vieira', 'Farmacêutico', 'Tarde'),
('MATR027', 'Mariana Figueiredo', 'Atendente', 'Manhã'),
('MATR028', 'Leandro Rocha', 'Auxiliar', 'Tarde'),
('MATR029', 'Bianca Moreira', 'Farmacêutico', 'Manhã'),
('MATR030', 'Sérgio Lima', 'Gerente', 'Noite'),
('MATR031', 'Elaine Duarte', 'Atendente', 'Noite'),
('MATR032', 'Vinícius Souza', 'Farmacêutico', 'Tarde'),
('MATR033', 'Tatiana Ribeiro', 'Auxiliar', 'Manhã'),
('MATR034', 'André Silva', 'Atendente', 'Tarde'),
('MATR035', 'Luciana Torres', 'Gerente', 'Manhã'),
('MATR036', 'Fábio Correia', 'Auxiliar', 'Noite'),
('MATR037', 'Paula Santos', 'Farmacêutico', 'Manhã'),
('MATR038', 'Murilo Costa', 'Atendente', 'Tarde'),
('MATR039', 'Aline Souza', 'Auxiliar', 'Noite'),
('MATR040', 'Rafael Martins', 'Gerente', 'Tarde'),
('MATR041', 'Juliana Costa', 'Farmacêutico', 'Manhã'),
('MATR042', 'Pedro Henrique', 'Auxiliar', 'Noite'),
('MATR043', 'Letícia Oliveira', 'Atendente', 'Tarde'),
('MATR044', 'Gustavo Alves', 'Gerente', 'Manhã'),
('MATR045', 'Viviane Lima', 'Farmacêutico', 'Noite'),
('MATR046', 'Caio Pereira', 'Atendente', 'Manhã'),
('MATR047', 'Rafaela Cunha', 'Auxiliar', 'Tarde'),
('MATR048', 'Alexandre Souza', 'Farmacêutico', 'Tarde'),
('MATR049', 'Michele Araújo', 'Gerente', 'Noite'),
('MATR050', 'Joana Ribeiro', 'Atendente', 'Manhã');

INSERT INTO fornecedor (cnpj, raz_social, contato) VALUES
('12.345.678/0001-01', 'Farmabras Distribuidora LTDA', '(11) 99999-0001'),
('23.456.789/0001-02', 'MedLog Comércio de Medicamentos', '(21) 98888-0002'),
('34.567.890/0001-03', 'Distribuidora Santa Saúde', '(31) 97777-0003'),
('45.678.901/0001-04', 'PharmaMais Fornecimentos', '(41) 96666-0004'),
('56.789.012/0001-05', 'BioMedic Distribuição Farmacêutica', '(51) 95555-0005'),
('67.890.123/0001-06', 'VidaPlena Medicamentos LTDA', '(61) 94444-0006'),
('78.901.234/0001-07', 'Nova Farma Brasil', '(71) 93333-0007'),
('89.012.345/0001-08', 'PharmaLog Express', '(81) 92222-0008'),
('90.123.456/0001-09', 'União Médica Distribuidora', '(91) 91111-0009'),
('01.234.567/0001-10', 'Max Saúde Distribuidora', '(85) 90000-0010'),
('11.111.111/0001-11', 'Bem Estar Pharma', '(11) 98888-0011'),
('22.222.222/0001-12', 'Distribuidora Medic Pharma', '(21) 97777-0012'),
('33.333.333/0001-13', 'Global Med Distribuidora', '(31) 96666-0013'),
('44.444.444/0001-14', 'Nova Fórmula Medicamentos', '(41) 95555-0014'),
('55.555.555/0001-15', 'Brasil Saúde Fornecimentos', '(51) 94444-0015'),
('66.666.666/0001-16', 'Super Farma LTDA', '(61) 93333-0016'),
('77.777.777/0001-17', 'Mundo Médico Distribuidora', '(71) 92222-0017'),
('88.888.888/0001-18', 'PharmaSul Entregas Rápidas', '(81) 91111-0018'),
('99.999.999/0001-19', 'Saúde em Dia Fornecimentos', '(91) 90000-0019'),
('10.101.010/0001-20', 'BioCenter Produtos Médicos', '(85) 98888-0020'),
('20.202.020/0001-21', 'ForMed Distribuidora', '(11) 97777-0021'),
('30.303.030/0001-22', 'Ponto Pharma LTDA', '(21) 96666-0022'),
('40.404.040/0001-23', 'AlphaMed Distribuidora', '(31) 95555-0023'),
('50.505.050/0001-24', 'Saúde Mais Comércio', '(41) 94444-0024'),
('60.606.060/0001-25', 'MedicFast Entregas', '(51) 93333-0025'),
('70.707.070/0001-26', 'PharmaX Distribuidora', '(61) 92222-0026'),
('80.808.080/0001-27', 'Nova Saúde LTDA', '(71) 91111-0027'),
('90.909.090/0001-28', 'Brasil Farma Distribuidora', '(81) 90000-0028'),
('21.212.121/0001-29', 'Unifarma Medicamentos', '(91) 98888-0029'),
('32.323.232/0001-30', 'Max Fórmula Pharma', '(85) 97777-0030'),
('43.434.343/0001-31', 'Distribuidora MedFast', '(11) 96666-0031'),
('54.545.454/0001-32', 'PharmaFácil LTDA', '(21) 95555-0032'),
('65.656.565/0001-33', 'Distribuidora AlfaVida', '(31) 94444-0033'),
('76.767.676/0001-34', 'Saúde Rápida Entregas', '(41) 93333-0034'),
('87.878.787/0001-35', 'Grupo BioMed', '(51) 92222-0035'),
('98.989.898/0001-36', 'Top Farma Brasil', '(61) 91111-0036'),
('12.121.212/0001-37', 'Central Medicamentos', '(71) 90000-0037'),
('23.232.323/0001-38', 'PharmaTotal Distribuidora', '(81) 98888-0038'),
('34.343.434/0001-39', 'UniPharma Saúde', '(91) 97777-0039'),
('45.454.545/0001-40', 'BioFarma Express', '(85) 96666-0040'),
('56.565.656/0001-41', 'Saúde Global Distribuidora', '(11) 95555-0041'),
('67.676.767/0001-42', 'Entregas MedCenter', '(21) 94444-0042'),
('78.787.878/0001-43', 'FarmaCerto LTDA', '(31) 93333-0043'),
('89.898.989/0001-44', 'Vital Med Distribuidora', '(41) 92222-0044'),
('90.000.111/0001-45', 'MedPrime Fornecimentos', '(51) 91111-0045'),
('11.222.333/0001-46', 'PharmaSul Brasil', '(61) 90000-0046'),
('22.333.444/0001-47', 'Distribuidora Fórmula Certa', '(71) 98888-0047'),
('33.444.555/0001-48', 'MedicMais Entregas', '(81) 97777-0048'),
('44.555.666/0001-49', 'Brasil Pharma Express', '(91) 96666-0049'),
('55.666.777/0001-50', 'FarmaViva Distribuidora', '(85) 95555-0050');

INSERT INTO venda (id_cliente, nome_medic, qtd, atendente, valor, data) VALUES
(1, 'Paracetamol', 2, 'Ana Beatriz Silva', 20.00, '2025-01-10'),
(2, 'Ibuprofeno', 1, 'Carlos Eduardo Souza', 15.50, '2025-01-12'),
(3, 'Amoxicilina', 3, 'Juliana Alves', 45.00, '2025-01-13'),
(4, 'Dipirona', 1, 'Rodrigo Ferreira', 10.00, '2025-01-14'),
(5, 'Ranitidina', 2, 'Fernanda Lima', 30.00, '2025-01-15'),
(6, 'Lorazepam', 1, 'Marcelo Santos', 18.00, '2025-01-16'),
(7, 'Diclofenaco', 2, 'Patrícia Costa', 25.00, '2025-01-17'),
(8, 'Omeprazol', 1, 'Lucas Oliveira', 22.00, '2025-01-18'),
(9, 'Nimesulida', 1, 'Camila Martins', 20.00, '2025-01-19'),
(10, 'Captopril', 2, 'Ricardo Ribeiro', 35.00, '2025-01-20'),
(11, 'Losartana', 1, 'Tatiane Rocha', 30.00, '2025-01-21'),
(12, 'Furosemida', 1, 'João Pedro Souza', 25.00, '2025-01-22'),
(13, 'Cloridrato', 3, 'Larissa Moraes', 40.00, '2025-01-23'),
(14, 'Salbutamol', 2, 'Gabriel Almeida', 28.00, '2025-01-24'),
(15, 'Metformina', 1, 'Vanessa Monteiro', 32.00, '2025-01-25'),
(16, 'Gliclazida', 2, 'Felipe Gomes', 36.00, '2025-01-26'),
(17, 'Cetirizina', 1, 'Isabela Teixeira', 20.00, '2025-01-27'),
(18, 'Clonazepam', 1, 'Diego Azevedo', 40.00, '2025-01-28'),
(19, 'Metronidazol', 2, 'Natália Dias', 38.00, '2025-01-29'),
(20, 'Prednisona', 1, 'Eduardo Nascimento', 24.00, '2025-01-30'),
(21, 'Clonidina', 2, 'Priscila Carvalho', 22.00, '2025-02-01'),
(22, 'Atorvastatina', 1, 'Thiago Fernandes', 50.00, '2025-02-02'),
(23, 'Rivaroxabana', 2, 'Amanda Castro', 55.00, '2025-02-03'),
(24, 'Sertralina', 1, 'Bruno Mendes', 45.00, '2025-02-04'),
(25, 'Escitalopram', 2, 'Renata Barros', 60.00, '2025-02-05'),
(26, 'Losartana', 1, 'Daniel Vieira', 30.00, '2025-02-06'),
(27, 'Amoxicilina', 3, 'Mariana Figueiredo', 45.00, '2025-02-07'),
(28, 'Omeprazol', 2, 'Leandro Rocha', 44.00, '2025-02-08'),
(29, 'Salbutamol', 1, 'Bianca Moreira', 14.00, '2025-02-09'),
(30, 'Metformina', 2, 'Sérgio Lima', 64.00, '2025-02-10'),
(31, 'Paracetamol', 1, 'Elaine Duarte', 10.00, '2025-02-11'),
(32, 'Ibuprofeno', 3, 'Vinícius Souza', 46.50, '2025-02-12'),
(33, 'Dipirona', 1, 'Tatiana Ribeiro', 10.00, '2025-02-13'),
(34, 'Lorazepam', 2, 'André Silva', 36.00, '2025-02-14'),
(35, 'Diclofenaco', 1, 'Luciana Torres', 12.50, '2025-02-15'),
(36, 'Nimesulida', 2, 'Fábio Correia', 40.00, '2025-02-16'),
(37, 'Captopril', 1, 'Paula Santos', 17.50, '2025-02-17'),
(38, 'Losartana', 2, 'Murilo Costa', 60.00, '2025-02-18'),
(39, 'Furosemida', 1, 'Aline Souza', 25.00, '2025-02-19'),
(40, 'Metronidazol', 2, 'Rafael Martins', 38.00, '2025-02-20'),
(41, 'Prednisona', 1, 'Juliana Costa', 24.00, '2025-02-21'),
(42, 'Clonidina', 3, 'Pedro Henrique', 33.00, '2025-02-22'),
(43, 'Atorvastatina', 2, 'Letícia Oliveira', 100.00, '2025-02-23'),
(44, 'Rivaroxabana', 1, 'Gustavo Alves', 55.00, '2025-02-24'),
(45, 'Sertralina', 2, 'Viviane Lima', 90.00, '2025-02-25'),
(46, 'Escitalopram', 1, 'Caio Pereira', 30.00, '2025-02-26'),
(47, 'Amoxicilina', 2, 'Rafaela Cunha', 30.00, '2025-02-27'),
(48, 'Omeprazol', 1, 'Alexandre Souza', 22.00, '2025-02-28'),
(49, 'Salbutamol', 2, 'Michele Araújo', 28.00, '2025-03-01'),
(50, 'Metformina', 1, 'Joana Ribeiro', 32.00, '2025-03-02');

INSERT INTO pagamento (id_venda, forma, status) VALUES
(1, 'Dinheiro', 'Pago'),
(2, 'Cartão', 'Pago'),
(3, 'PIX', 'Pago'),
(4, 'Dinheiro', 'Pago'),
(5, 'Boleto', 'Pendente'),
(6, 'Cartão', 'Pago'),
(7, 'PIX', 'Pago'),
(8, 'Dinheiro', 'Pago'),
(9, 'Boleto', 'Cancelado'),
(10, 'Cartão', 'Pago'),
(11, 'PIX', 'Pago'),
(12, 'Dinheiro', 'Pago'),
(13, 'Cartão', 'Pago'),
(14, 'PIX', 'Pago'),
(15, 'Boleto', 'Pendente'),
(16, 'Dinheiro', 'Pago'),
(17, 'Cartão', 'Pago'),
(18, 'PIX', 'Pago'),
(19, 'Dinheiro', 'Pago'),
(20, 'Boleto', 'Cancelado'),
(21, 'Cartão', 'Pago'),
(22, 'PIX', 'Pago'),
(23, 'Dinheiro', 'Pago'),
(24, 'Boleto', 'Pendente'),
(25, 'Cartão', 'Pago'),
(26, 'PIX', 'Pago'),
(27, 'Dinheiro', 'Pago'),
(28, 'Boleto', 'Cancelado'),
(29, 'Cartão', 'Pago'),
(30, 'PIX', 'Pago'),
(31, 'Dinheiro', 'Pago'),
(32, 'Cartão', 'Pago'),
(33, 'PIX', 'Pago'),
(34, 'Boleto', 'Pendente'),
(35, 'Dinheiro', 'Pago'),
(36, 'Cartão', 'Pago'),
(37, 'PIX', 'Pago'),
(38, 'Dinheiro', 'Pago'),
(39, 'Boleto', 'Cancelado'),
(40, 'Cartão', 'Pago'),
(41, 'PIX', 'Pago'),
(42, 'Dinheiro', 'Pago'),
(43, 'Cartão', 'Pago'),
(44, 'PIX', 'Pago'),
(45, 'Boleto', 'Pendente'),
(46, 'Dinheiro', 'Pago'),
(47, 'Cartão', 'Pago'),
(48, 'PIX', 'Pago'),
(49, 'Dinheiro', 'Pago'),
(50, 'Boleto', 'Cancelado');

INSERT INTO medicamento (codigo, nome, princ_ativo, tipo, validade, preco) VALUES
('MED001', 'Paracetamol', 'Paracetamol', 'Analgésico', '2026-05-31', 10.00),
('MED002', 'Ibuprofeno', 'Ibuprofeno', 'Anti-inflamatório', '2026-06-15', 15.50),
('MED003', 'Amoxicilina', 'Amoxicilina', 'Antibiótico', '2025-12-01', 20.00),
('MED004', 'Dipirona', 'Metamizol', 'Analgésico', '2026-07-20', 8.00),
('MED005', 'Ranitidina', 'Ranitidina', 'Antiácido', '2025-11-30', 25.00),
('MED006', 'Lorazepam', 'Lorazepam', 'Ansiolítico', '2026-02-28', 18.00),
('MED007', 'Diclofenaco', 'Diclofenaco', 'Anti-inflamatório', '2026-08-31', 22.00),
('MED008', 'Omeprazol', 'Omeprazol', 'Antiácido', '2026-09-15', 20.00),
('MED009', 'Nimesulida', 'Nimesulida', 'Anti-inflamatório', '2026-01-10', 19.00),
('MED010', 'Captopril', 'Captopril', 'Anti-hipertensivo', '2025-10-20', 30.00),
('MED011', 'Losartana', 'Losartana', 'Anti-hipertensivo', '2026-03-31', 28.00),
('MED012', 'Furosemida', 'Furosemida', 'Diurético', '2025-09-30', 25.00),
('MED013', 'Cloridrato', 'Cloridrato de sertralina', 'Antidepressivo', '2026-11-30', 40.00),
('MED014', 'Salbutamol', 'Salbutamol', 'Broncodilatador', '2025-12-31', 14.00),
('MED015', 'Metformina', 'Metformina', 'Antidiabético', '2026-04-30', 32.00),
('MED016', 'Gliclazida', 'Gliclazida', 'Antidiabético', '2026-06-30', 35.00),
('MED017', 'Cetirizina', 'Cetirizina', 'Anti-histamínico', '2025-11-30', 12.00),
('MED018', 'Clonazepam', 'Clonazepam', 'Ansiolítico', '2026-05-15', 40.00),
('MED019', 'Metronidazol', 'Metronidazol', 'Antibiótico', '2025-10-10', 22.00),
('MED020', 'Prednisona', 'Prednisona', 'Corticóide', '2026-01-31', 24.00),
('MED021', 'Clonidina', 'Clonidina', 'Anti-hipertensivo', '2026-02-28', 22.00),
('MED022', 'Atorvastatina', 'Atorvastatina', 'Hipolipemiante', '2026-09-30', 50.00),
('MED023', 'Rivaroxabana', 'Rivaroxabana', 'Anticoagulante', '2025-11-15', 55.00),
('MED024', 'Sertralina', 'Sertralina', 'Antidepressivo', '2026-08-31', 45.00),
('MED025', 'Escitalopram', 'Escitalopram', 'Antidepressivo', '2026-07-31', 60.00),
('MED026', 'Losartana', 'Losartana', 'Anti-hipertensivo', '2025-12-31', 28.00),
('MED027', 'Amoxicilina', 'Amoxicilina', 'Antibiótico', '2026-01-15', 20.00),
('MED028', 'Omeprazol', 'Omeprazol', 'Antiácido', '2026-03-15', 20.00),
('MED029', 'Salbutamol', 'Salbutamol', 'Broncodilatador', '2026-02-28', 14.00),
('MED030', 'Metformina', 'Metformina', 'Antidiabético', '2026-06-30', 32.00),
('MED031', 'Paracetamol', 'Paracetamol', 'Analgésico', '2026-05-31', 10.00),
('MED032', 'Ibuprofeno', 'Ibuprofeno', 'Anti-inflamatório', '2026-06-15', 15.50),
('MED033', 'Dipirona', 'Metamizol', 'Analgésico', '2026-07-20', 8.00),
('MED034', 'Lorazepam', 'Lorazepam', 'Ansiolítico', '2026-02-28', 18.00),
('MED035', 'Diclofenaco', 'Diclofenaco', 'Anti-inflamatório', '2026-08-31', 22.00),
('MED036', 'Nimesulida', 'Nimesulida', 'Anti-inflamatório', '2026-01-10', 19.00),
('MED037', 'Captopril', 'Captopril', 'Anti-hipertensivo', '2025-10-20', 30.00),
('MED038', 'Losartana', 'Losartana', 'Anti-hipertensivo', '2026-03-31', 28.00),
('MED039', 'Furosemida', 'Furosemida', 'Diurético', '2025-09-30', 25.00),
('MED040', 'Cloridrato', 'Cloridrato de sertralina', 'Antidepressivo', '2026-11-30', 40.00),
('MED041', 'Salbutamol', 'Salbutamol', 'Broncodilatador', '2025-12-31', 14.00),
('MED042', 'Metformina', 'Metformina', 'Antidiabético', '2026-04-30', 32.00),
('MED043', 'Gliclazida', 'Gliclazida', 'Antidiabético', '2026-06-30', 35.00),
('MED044', 'Cetirizina', 'Cetirizina', 'Anti-histamínico', '2025-11-30', 12.00),
('MED045', 'Clonazepam', 'Clonazepam', 'Ansiolítico', '2026-05-15', 40.00),
('MED046', 'Metronidazol', 'Metronidazol', 'Antibiótico', '2025-10-10', 22.00),
('MED047', 'Prednisona', 'Prednisona', 'Corticóide', '2026-01-31', 24.00),
('MED048', 'Clonidina', 'Clonidina', 'Anti-hipertensivo', '2026-02-28', 22.00),
('MED049', 'Atorvastatina', 'Atorvastatina', 'Hipolipemiante', '2026-09-30', 50.00),
('MED050', 'Rivaroxabana', 'Rivaroxabana', 'Anticoagulante', '2025-11-15', 55.00);

INSERT INTO estoque (id_medicamento, quantidade, lote, validade) VALUES
(1, 100, 'L001', '2026-05-31'),
(2, 50, 'L002', '2026-06-15'),
(3, 150, 'L003', '2025-12-01'),
(4, 80, 'L004', '2026-07-20'),
(5, 60, 'L005', '2025-11-30'),
(6, 90, 'L006', '2026-02-28'),
(7, 70, 'L007', '2026-08-31'),
(8, 100, 'L008', '2026-09-15'),
(9, 55, 'L009', '2026-01-10'),
(10, 75, 'L010', '2025-10-20'),
(11, 85, 'L011', '2026-03-31'),
(12, 120, 'L012', '2025-09-30'),
(13, 65, 'L013', '2026-11-30'),
(14, 95, 'L014', '2025-12-31'),
(15, 130, 'L015', '2026-04-30'),
(16, 140, 'L016', '2026-06-30'),
(17, 110, 'L017', '2025-11-30'),
(18, 80, 'L018', '2026-05-15'),
(19, 75, 'L019', '2025-10-10'),
(20, 85, 'L020', '2026-01-31'),
(21, 90, 'L021', '2026-02-28'),
(22, 100, 'L022', '2026-09-30'),
(23, 50, 'L023', '2025-11-15'),
(24, 60, 'L024', '2026-08-31'),
(25, 70, 'L025', '2026-07-31'),
(26, 95, 'L026', '2025-12-31'),
(27, 85, 'L027', '2026-01-15'),
(28, 90, 'L028', '2026-03-15'),
(29, 80, 'L029', '2026-02-28'),
(30, 110, 'L030', '2026-06-30'),
(31, 100, 'L031', '2026-05-31'),
(32, 50, 'L032', '2026-06-15'),
(33, 75, 'L033', '2026-07-20'),
(34, 65, 'L034', '2026-02-28'),
(35, 70, 'L035', '2026-08-31'),
(36, 80, 'L036', '2026-01-10'),
(37, 60, 'L037', '2025-10-20'),
(38, 85, 'L038', '2026-03-31'),
(39, 90, 'L039', '2025-09-30'),
(40, 120, 'L040', '2026-11-30'),
(41, 75, 'L041', '2025-12-31'),
(42, 80, 'L042', '2026-04-30'),
(43, 110, 'L043', '2026-06-30'),
(44, 70, 'L044', '2025-11-30'),
(45, 60, 'L045', '2026-05-15'),
(46, 90, 'L046', '2025-10-10'),
(47, 85, 'L047', '2026-01-31'),
(48, 75, 'L048', '2026-02-28'),
(49, 50, 'L049', '2026-09-30'),
(50, 40, 'L050', '2025-11-15');

INSERT INTO cliente (cpf, nome, telefone) VALUES
('111.111.111-11', 'Ana Paula Silva', '11999991111'),
('222.222.222-22', 'Carlos Eduardo', '21988882222'),
('333.333.333-33', 'Juliana Alves', '31977773333'),
('444.444.444-44', 'Rodrigo Ferreira', '41966664444'),
('555.555.555-55', 'Fernanda Lima', '51955555555'),
('666.666.666-66', 'Marcelo Santos', '61944446666'),
('777.777.777-77', 'Patrícia Costa', '71933337777'),
('888.888.888-88', 'Lucas Oliveira', '81922228888'),
('999.999.999-99', 'Camila Martins', '91911119999'),
('123.456.789-01', 'Ricardo Ribeiro', '11900001111'),
('234.567.890-12', 'Tatiane Rocha', '21900002222'),
('345.678.901-23', 'João Pedro Souza', '31900003333'),
('456.789.012-34', 'Larissa Moraes', '41900004444'),
('567.890.123-45', 'Gabriel Almeida', '51900005555'),
('678.901.234-56', 'Vanessa Monteiro', '61900006666'),
('789.012.345-67', 'Felipe Gomes', '71900007777'),
('890.123.456-78', 'Isabela Teixeira', '81900008888'),
('901.234.567-89', 'Diego Azevedo', '91900009999'),
('012.345.678-90', 'Natália Dias', '11900010000'),
('123.456.789-11', 'Eduardo Nascimento', '21900011111'),
('234.567.890-22', 'Priscila Carvalho', '31900012222'),
('345.678.901-33', 'Thiago Fernandes', '41900013333'),
('456.789.012-44', 'Amanda Castro', '51900014444'),
('567.890.123-55', 'Bruno Mendes', '61900015555'),
('678.901.234-66', 'Renata Barros', '71900016666'),
('789.012.345-77', 'Daniel Vieira', '81900017777'),
('890.123.456-88', 'Mariana Figueiredo', '91900018888'),
('901.234.567-99', 'Leandro Rocha', '11900019999'),
('012.345.678-01', 'Bianca Moreira', '21900020000'),
('123.456.789-02', 'Sérgio Lima', '31900021111'),
('234.567.890-03', 'Elaine Duarte', '41900022222'),
('345.678.901-04', 'Vinícius Souza', '51900023333'),
('456.789.012-05', 'Tatiana Ribeiro', '61900024444'),
('567.890.123-06', 'André Silva', '71900025555'),
('678.901.234-07', 'Luciana Torres', '81900026666'),
('789.012.345-08', 'Fábio Correia', '91900027777'),
('890.123.456-09', 'Paula Santos', '11900028888'),
('901.234.567-10', 'Murilo Costa', '21900029999'),
('012.345.678-11', 'Aline Souza', '31900030000'),
('123.456.789-12', 'Rafael Martins', '41900031111'),
('234.567.890-13', 'Juliana Costa', '51900032222'),
('345.678.901-14', 'Pedro Henrique', '61900033333'),
('456.789.012-15', 'Letícia Oliveira', '71900034444'),
('567.890.123-16', 'Gustavo Alves', '81900035555'),
('678.901.234-17', 'Viviane Lima', '91900036666'),
('789.012.345-18', 'Caio Pereira', '11900037777'),
('890.123.456-19', 'Rafaela Cunha', '21900038888'),
('901.234.567-20', 'Alexandre Souza', '31900039999'),
('012.345.678-21', 'Michele Araújo', '41900040000'),
('123.456.789-22', 'Joana Ribeiro', '51900041111');

INSERT INTO receita (id_cliente, CRM, id_medicamento, validade) VALUES
(1, 'CRM12345', 1, '2025-12-31'),
(2, 'CRM23456', 2, '2025-11-30'),
(3, 'CRM34567', 3, '2026-01-15'),
(4, 'CRM45678', 4, '2025-10-20'),
(5, 'CRM56789', 5, '2025-09-15'),
(6, 'CRM67890', 6, '2026-02-28'),
(7, 'CRM78901', 7, '2025-12-31'),
(8, 'CRM89012', 8, '2026-03-15'),
(9, 'CRM90123', 9, '2025-11-10'),
(10, 'CRM01234', 10, '2025-12-20'),
(11, 'CRM12346', 11, '2026-01-31'),
(12, 'CRM23457', 12, '2025-10-30'),
(13, 'CRM34568', 13, '2026-04-30'),
(14, 'CRM45679', 14, '2025-11-30'),
(15, 'CRM56780', 15, '2026-05-15'),
(16, 'CRM67891', 16, '2026-06-30'),
(17, 'CRM78902', 17, '2025-09-30'),
(18, 'CRM89013', 18, '2026-02-28'),
(19, 'CRM90124', 19, '2025-12-10'),
(20, 'CRM01235', 20, '2026-01-31'),
(21, 'CRM12347', 21, '2025-10-31'),
(22, 'CRM23458', 22, '2026-07-30'),
(23, 'CRM34569', 23, '2025-11-15'),
(24, 'CRM45680', 24, '2026-08-31'),
(25, 'CRM56781', 25, '2026-09-15'),
(26, 'CRM67892', 26, '2025-12-31'),
(27, 'CRM78903', 27, '2026-01-15'),
(28, 'CRM89014', 28, '2026-02-28'),
(29, 'CRM90125', 29, '2026-03-31'),
(30, 'CRM01236', 30, '2026-04-30'),
(31, 'CRM12348', 1, '2025-12-31'),
(32, 'CRM23459', 2, '2025-11-30'),
(33, 'CRM34570', 3, '2026-01-15'),
(34, 'CRM45681', 4, '2025-10-20'),
(35, 'CRM56782', 5, '2025-09-15'),
(36, 'CRM67893', 6, '2026-02-28'),
(37, 'CRM78904', 7, '2025-12-31'),
(38, 'CRM89015', 8, '2026-03-15'),
(39, 'CRM90126', 9, '2025-11-10'),
(40, 'CRM01237', 10, '2025-12-20'),
(41, 'CRM12349', 11, '2026-01-31'),
(42, 'CRM23460', 12, '2025-10-30'),
(43, 'CRM34571', 13, '2026-04-30'),
(44, 'CRM45682', 14, '2025-11-30'),
(45, 'CRM56783', 15, '2026-05-15'),
(46, 'CRM67894', 16, '2026-06-30'),
(47, 'CRM78905', 17, '2025-09-30'),
(48, 'CRM89016', 18, '2026-02-28'),
(49, 'CRM90127', 19, '2025-12-10'),
(50, 'CRM01238', 20, '2026-01-31');

select * from medicamento;
select * from fornecedor;
select * from estoque;
select * from cliente;
select * from receita;
select * from venda; 
select * from pagamento;
select * from funcionario;